retriever,method,samples,right_rank,mean_answer_rank,mean_trap_rank,recall@3,violation_rate@3,recall_minus_violation@3,recall@5,violation_rate@5,recall_minus_violation@5,recall@7,violation_rate@7,recall_minus_violation@7,recall@9,violation_rate@9,recall_minus_violation@9,avg_recall_minus_violation,alpha,beta,candidate_top_n
inf-retriever-v1,baseline,1000,0.719,14.933,38.457,0.949,0.818,0.131,0.958,0.857,0.10099999999999998,0.964,0.885,0.07899999999999996,0.968,0.9,0.06799999999999995,0.09474999999999997,,,
inf-retriever-v1,score_anti_rrf_no_target_c5_a0_b0.3,1000,0.957,16.497,41.122,0.548,0.0,0.548,0.958,0.857,0.10099999999999998,0.964,0.885,0.07899999999999996,0.968,0.9,0.06799999999999995,0.19899999999999998,0.0,0.3,5
inf-retriever-v1,score_anti_rrf_no_target_c5_a0_b0.5,1000,0.957,16.497,41.122,0.548,0.0,0.548,0.958,0.857,0.10099999999999998,0.964,0.885,0.07899999999999996,0.968,0.9,0.06799999999999995,0.19899999999999998,0.0,0.5,5
inf-retriever-v1,score_anti_rrf_no_target_c5_a0_b0.75,1000,0.957,16.497,41.122,0.548,0.0,0.548,0.958,0.857,0.10099999999999998,0.964,0.885,0.07899999999999996,0.968,0.9,0.06799999999999995,0.19899999999999998,0.0,0.75,5
inf-retriever-v1,score_anti_rrf_no_target_c5_a0_b1,1000,0.957,16.497,41.122,0.548,0.0,0.548,0.958,0.857,0.10099999999999998,0.964,0.885,0.07899999999999996,0.968,0.9,0.06799999999999995,0.19899999999999998,0.0,1.0,5
inf-retriever-v1,score_anti_rrf_no_target_c5_a0.25_b0.3,1000,0.953,14.881,40.863,0.937,0.065,0.8720000000000001,0.958,0.857,0.10099999999999998,0.964,0.885,0.07899999999999996,0.968,0.9,0.06799999999999995,0.28,0.25,0.3,5
inf-retriever-v1,score_anti_rrf_no_target_c5_a0.25_b0.5,1000,0.958,15.238,41.097,0.869,0.005,0.864,0.958,0.857,0.10099999999999998,0.964,0.885,0.07899999999999996,0.968,0.9,0.06799999999999995,0.278,0.25,0.5,5
inf-retriever-v1,score_anti_rrf_no_target_c5_a0.25_b0.75,1000,0.958,15.595,41.115,0.79,0.0,0.79,0.958,0.857,0.10099999999999998,0.964,0.885,0.07899999999999996,0.968,0.9,0.06799999999999995,0.25949999999999995,0.25,0.75,5
inf-retriever-v1,score_anti_rrf_no_target_c5_a0.25_b1,1000,0.957,15.795,41.118,0.747,0.0,0.747,0.958,0.857,0.10099999999999998,0.964,0.885,0.07899999999999996,0.968,0.9,0.06799999999999995,0.24874999999999997,0.25,1.0,5
inf-retriever-v1,score_anti_rrf_no_target_c5_a0.5_b0.3,1000,0.869,14.783,39.681,0.954,0.44,0.514,0.958,0.857,0.10099999999999998,0.964,0.885,0.07899999999999996,0.968,0.9,0.06799999999999995,0.19049999999999997,0.5,0.3,5
inf-retriever-v1,score_anti_rrf_no_target_c5_a0.5_b0.5,1000,0.942,14.794,40.418,0.949,0.242,0.707,0.958,0.857,0.10099999999999998,0.964,0.885,0.07899999999999996,0.968,0.9,0.06799999999999995,0.23874999999999996,0.5,0.5,5
inf-retriever-v1,score_anti_rrf_no_target_c5_a0.5_b0.75,1000,0.955,14.995,41.029,0.913,0.019,0.894,0.958,0.857,0.10099999999999998,0.964,0.885,0.07899999999999996,0.968,0.9,0.06799999999999995,0.2855,0.5,0.75,5
inf-retriever-v1,score_anti_rrf_no_target_c5_a0.5_b1,1000,0.958,15.238,41.097,0.869,0.005,0.864,0.958,0.857,0.10099999999999998,0.964,0.885,0.07899999999999996,0.968,0.9,0.06799999999999995,0.278,0.5,1.0,5
inf-retriever-v1,score_anti_rrf_no_target_c5_a0.75_b0.3,1000,0.817,14.834,39.319,0.952,0.552,0.3999999999999999,0.958,0.857,0.10099999999999998,0.964,0.885,0.07899999999999996,0.968,0.9,0.06799999999999995,0.16199999999999995,0.75,0.3,5
inf-retriever-v1,score_anti_rrf_no_target_c5_a0.75_b0.5,1000,0.892,14.764,39.797,0.954,0.416,0.538,0.958,0.857,0.10099999999999998,0.964,0.885,0.07899999999999996,0.968,0.9,0.06799999999999995,0.19649999999999998,0.75,0.5,5
inf-retriever-v1,score_anti_rrf_no_target_c5_a0.75_b0.75,1000,0.942,14.794,40.418,0.949,0.242,0.707,0.958,0.857,0.10099999999999998,0.964,0.885,0.07899999999999996,0.968,0.9,0.06799999999999995,0.23874999999999996,0.75,0.75,5
inf-retriever-v1,score_anti_rrf_no_target_c5_a0.75_b1,1000,0.954,14.934,40.967,0.927,0.036,0.891,0.958,0.857,0.10099999999999998,0.964,0.885,0.07899999999999996,0.968,0.9,0.06799999999999995,0.28474999999999995,0.75,1.0,5
inf-retriever-v1,score_anti_rrf_no_target_c5_a1_b0.3,1000,0.791,14.861,39.102,0.95,0.612,0.33799999999999997,0.958,0.857,0.10099999999999998,0.964,0.885,0.07899999999999996,0.968,0.9,0.06799999999999995,0.14649999999999996,1.0,0.3,5
inf-retriever-v1,score_anti_rrf_no_target_c5_a1_b0.5,1000,0.842,14.807,39.518,0.954,0.487,0.46699999999999997,0.958,0.857,0.10099999999999998,0.964,0.885,0.07899999999999996,0.968,0.9,0.06799999999999995,0.17874999999999996,1.0,0.5,5
inf-retriever-v1,score_anti_rrf_no_target_c5_a1_b0.75,1000,0.917,14.748,39.927,0.953,0.383,0.57,0.958,0.857,0.10099999999999998,0.964,0.885,0.07899999999999996,0.968,0.9,0.06799999999999995,0.20449999999999996,1.0,0.75,5
inf-retriever-v1,score_anti_rrf_no_target_c5_a1_b1,1000,0.942,14.794,40.418,0.949,0.242,0.707,0.958,0.857,0.10099999999999998,0.964,0.885,0.07899999999999996,0.968,0.9,0.06799999999999995,0.23874999999999996,1.0,1.0,5
inf-retriever-v1,score_anti_rrf_no_target_c10_a0_b0.3,1000,0.97,19.655,45.53,0.206,0.0,0.206,0.355,0.0,0.355,0.54,0.0,0.54,0.938,0.003,0.9349999999999999,0.509,0.0,0.3,10
inf-retriever-v1,score_anti_rrf_no_target_c10_a0_b0.5,1000,0.97,19.655,45.53,0.206,0.0,0.206,0.355,0.0,0.355,0.54,0.0,0.54,0.938,0.003,0.9349999999999999,0.509,0.0,0.5,10
inf-retriever-v1,score_anti_rrf_no_target_c10_a0_b0.75,1000,0.97,19.655,45.53,0.206,0.0,0.206,0.355,0.0,0.355,0.54,0.0,0.54,0.938,0.003,0.9349999999999999,0.509,0.0,0.75,10
inf-retriever-v1,score_anti_rrf_no_target_c10_a0_b1,1000,0.97,19.655,45.53,0.206,0.0,0.206,0.355,0.0,0.355,0.54,0.0,0.54,0.938,0.003,0.9349999999999999,0.509,0.0,1.0,10
inf-retriever-v1,score_anti_rrf_no_target_c10_a0.25_b0.3,1000,0.959,14.951,44.681,0.912,0.008,0.904,0.946,0.049,0.8969999999999999,0.957,0.15,0.8069999999999999,0.964,0.316,0.6479999999999999,0.8139999999999998,0.25,0.3,10
inf-retriever-v1,score_anti_rrf_no_target_c10_a0.25_b0.5,1000,0.97,15.85,45.452,0.779,0.0,0.779,0.853,0.001,0.852,0.908,0.003,0.905,0.96,0.062,0.8979999999999999,0.8585,0.25,0.5,10
inf-retriever-v1,score_anti_rrf_no_target_c10_a0.25_b0.75,1000,0.971,16.865,45.512,0.619,0.0,0.619,0.733,0.0,0.733,0.828,0.001,0.827,0.955,0.017,0.938,0.77925,0.25,0.75,10
inf-retriever-v1,score_anti_rrf_no_target_c10_a0.25_b1,1000,0.97,17.465,45.519,0.542,0.0,0.542,0.652,0.0,0.652,0.777,0.0,0.777,0.951,0.012,0.939,0.7275,0.25,1.0,10
inf-retriever-v1,score_anti_rrf_no_target_c10_a0.5_b0.3,1000,0.879,14.784,41.594,0.954,0.401,0.5529999999999999,0.957,0.466,0.49099999999999994,0.963,0.515,0.44799999999999995,0.968,0.611,0.357,0.46224999999999994,0.5,0.3,10
inf-retriever-v1,score_anti_rrf_no_target_c10_a0.5_b0.5,1000,0.952,14.811,43.528,0.939,0.105,0.834,0.954,0.248,0.706,0.962,0.332,0.6299999999999999,0.968,0.433,0.5349999999999999,0.67625,0.5,0.5,10
inf-retriever-v1,score_anti_rrf_no_target_c10_a0.5_b0.75,1000,0.967,15.242,45.258,0.876,0.0,0.876,0.912,0.006,0.906,0.944,0.032,0.9119999999999999,0.965,0.155,0.8099999999999999,0.876,0.5,0.75,10
inf-retriever-v1,score_anti_rrf_no_target_c10_a0.5_b1,1000,0.97,15.85,45.452,0.779,0.0,0.779,0.853,0.001,0.852,0.908,0.003,0.905,0.96,0.062,0.8979999999999999,0.8585,0.5,1.0,10
inf-retriever-v1,score_anti_rrf_no_target_c10_a0.75_b0.3,1000,0.827,14.827,40.53,0.952,0.528,0.42399999999999993,0.957,0.61,0.347,0.963,0.651,0.31199999999999994,0.97,0.709,0.261,0.33599999999999997,0.75,0.3,10
inf-retriever-v1,score_anti_rrf_no_target_c10_a0.75_b0.5,1000,0.904,14.762,41.911,0.953,0.371,0.582,0.958,0.427,0.5309999999999999,0.963,0.485,0.478,0.968,0.572,0.396,0.49675,0.75,0.5,10
inf-retriever-v1,score_anti_rrf_no_target_c10_a0.75_b0.75,1000,0.952,14.811,43.528,0.939,0.105,0.834,0.954,0.248,0.706,0.962,0.332,0.6299999999999999,0.968,0.433,0.5349999999999999,0.67625,0.75,0.75,10
inf-retriever-v1,score_anti_rrf_no_target_c10_a0.75_b1,1000,0.964,15.076,45.036,0.898,0.003,0.895,0.932,0.015,0.917,0.952,0.073,0.879,0.962,0.237,0.725,0.854,0.75,1.0,10
inf-retriever-v1,score_anti_rrf_no_target_c10_a1_b0.3,1000,0.8,14.852,39.993,0.951,0.605,0.346,0.958,0.671,0.2869999999999999,0.964,0.709,0.255,0.97,0.763,0.20699999999999996,0.27374999999999994,1.0,0.3,10
inf-retriever-v1,score_anti_rrf_no_target_c10_a1_b0.5,1000,0.848,14.803,41.069,0.955,0.463,0.49199999999999994,0.957,0.534,0.42299999999999993,0.964,0.585,0.379,0.97,0.662,0.30799999999999994,0.40049999999999997,1.0,0.5,10
inf-retriever-v1,score_anti_rrf_no_target_c10_a1_b0.75,1000,0.919,14.757,42.279,0.951,0.332,0.619,0.958,0.385,0.573,0.963,0.441,0.522,0.968,0.541,0.42699999999999994,0.53525,1.0,0.75,10
inf-retriever-v1,score_anti_rrf_no_target_c10_a1_b1,1000,0.952,14.811,43.528,0.939,0.105,0.834,0.954,0.248,0.706,0.962,0.332,0.6299999999999999,0.968,0.433,0.5349999999999999,0.67625,1.0,1.0,10
inf-retriever-v1,score_anti_rrf_no_target_c20_a0_b0.3,1000,0.976,26.429,54.736,0.112,0.0,0.112,0.16,0.0,0.16,0.217,0.0,0.217,0.273,0.0,0.273,0.1905,0.0,0.3,20
inf-retriever-v1,score_anti_rrf_no_target_c20_a0_b0.5,1000,0.976,26.429,54.736,0.112,0.0,0.112,0.16,0.0,0.16,0.217,0.0,0.217,0.273,0.0,0.273,0.1905,0.0,0.5,20
inf-retriever-v1,score_anti_rrf_no_target_c20_a0_b0.75,1000,0.976,26.429,54.736,0.112,0.0,0.112,0.16,0.0,0.16,0.217,0.0,0.217,0.273,0.0,0.273,0.1905,0.0,0.75,20
inf-retriever-v1,score_anti_rrf_no_target_c20_a0_b1,1000,0.976,26.429,54.736,0.112,0.0,0.112,0.16,0.0,0.16,0.217,0.0,0.217,0.273,0.0,0.273,0.1905,0.0,1.0,20
inf-retriever-v1,score_anti_rrf_no_target_c20_a0.25_b0.3,1000,0.964,15.165,52.608,0.903,0.002,0.901,0.924,0.009,0.915,0.941,0.026,0.9149999999999999,0.954,0.049,0.9049999999999999,0.9089999999999999,0.25,0.3,20
inf-retriever-v1,score_anti_rrf_no_target_c20_a0.25_b0.5,1000,0.977,17.153,54.602,0.717,0.0,0.717,0.77,0.0,0.77,0.817,0.0,0.817,0.835,0.001,0.834,0.7845000000000001,0.25,0.5,20
inf-retriever-v1,score_anti_rrf_no_target_c20_a0.25_b0.75,1000,0.977,19.583,54.699,0.527,0.0,0.527,0.604,0.0,0.604,0.661,0.0,0.661,0.703,0.0,0.703,0.62375,0.25,0.75,20
inf-retriever-v1,score_anti_rrf_no_target_c20_a0.25_b1,1000,0.976,21.068,54.716,0.405,0.0,0.405,0.503,0.0,0.503,0.559,0.0,0.559,0.613,0.0,0.613,0.52,0.25,1.0,20
inf-retriever-v1,score_anti_rrf_no_target_c20_a0.5_b0.3,1000,0.889,14.814,45.312,0.955,0.394,0.5609999999999999,0.958,0.448,0.51,0.963,0.48,0.483,0.965,0.502,0.46299999999999997,0.50425,0.5,0.3,20
inf-retriever-v1,score_anti_rrf_no_target_c20_a0.5_b0.5,1000,0.954,14.925,49.861,0.938,0.048,0.8899999999999999,0.949,0.134,0.815,0.955,0.217,0.738,0.958,0.272,0.6859999999999999,0.7822499999999999,0.5,0.5,20
inf-retriever-v1,score_anti_rrf_no_target_c20_a0.5_b0.75,1000,0.972,15.83,54.154,0.844,0.0,0.844,0.875,0.0,0.875,0.905,0.001,0.904,0.913,0.004,0.909,0.883,0.5,0.75,20
inf-retriever-v1,score_anti_rrf_no_target_c20_a0.5_b1,1000,0.977,17.153,54.602,0.717,0.0,0.717,0.77,0.0,0.77,0.817,0.0,0.817,0.835,0.001,0.834,0.7845000000000001,0.5,1.0,20
inf-retriever-v1,score_anti_rrf_no_target_c20_a0.75_b0.3,1000,0.834,14.843,42.827,0.955,0.523,0.43199999999999994,0.958,0.589,0.369,0.962,0.626,0.33599999999999997,0.965,0.652,0.31299999999999994,0.3625,0.75,0.3,20
inf-retriever-v1,score_anti_rrf_no_target_c20_a0.75_b0.5,1000,0.908,14.809,46.091,0.952,0.35,0.602,0.958,0.409,0.5489999999999999,0.963,0.439,0.524,0.964,0.459,0.5049999999999999,0.5449999999999999,0.75,0.5,20
inf-retriever-v1,score_anti_rrf_no_target_c20_a0.75_b0.75,1000,0.954,14.925,49.861,0.938,0.048,0.8899999999999999,0.949,0.134,0.815,0.955,0.217,0.738,0.958,0.272,0.6859999999999999,0.7822499999999999,0.75,0.75,20
inf-retriever-v1,score_anti_rrf_no_target_c20_a0.75_b1,1000,0.968,15.425,53.618,0.882,0.0,0.882,0.907,0.002,0.905,0.924,0.006,0.918,0.935,0.015,0.92,0.90625,0.75,1.0,20
inf-retriever-v1,score_anti_rrf_no_target_c20_a1_b0.3,1000,0.806,14.865,41.562,0.951,0.6,0.351,0.959,0.667,0.2919999999999999,0.964,0.697,0.267,0.967,0.722,0.245,0.28874999999999995,1.0,0.3,20
inf-retriever-v1,score_anti_rrf_no_target_c20_a1_b0.5,1000,0.859,14.83,44.117,0.955,0.452,0.5029999999999999,0.957,0.505,0.45199999999999996,0.963,0.546,0.4169999999999999,0.965,0.571,0.394,0.4415,1.0,0.5,20
inf-retriever-v1,score_anti_rrf_no_target_c20_a1_b0.75,1000,0.928,14.806,46.979,0.949,0.313,0.6359999999999999,0.957,0.359,0.598,0.96,0.389,0.571,0.964,0.412,0.552,0.58925,1.0,0.75,20
inf-retriever-v1,score_anti_rrf_no_target_c20_a1_b1,1000,0.954,14.925,49.861,0.938,0.048,0.8899999999999999,0.949,0.134,0.815,0.955,0.217,0.738,0.958,0.272,0.6859999999999999,0.7822499999999999,1.0,1.0,20
inf-retriever-v1,score_anti_rrf_no_target_call_a0_b0.3,1000,0.999,86570.032,90405.983,0.0,0.0,0.0,0.0,0.0,0.0,0.0,0.0,0.0,0.0,0.0,0.0,0.0,0.0,0.3,all
inf-retriever-v1,score_anti_rrf_no_target_call_a0_b0.5,1000,0.999,86570.032,90405.983,0.0,0.0,0.0,0.0,0.0,0.0,0.0,0.0,0.0,0.0,0.0,0.0,0.0,0.0,0.5,all
inf-retriever-v1,score_anti_rrf_no_target_call_a0_b0.75,1000,0.999,86570.032,90405.983,0.0,0.0,0.0,0.0,0.0,0.0,0.0,0.0,0.0,0.0,0.0,0.0,0.0,0.0,0.75,all
inf-retriever-v1,score_anti_rrf_no_target_call_a0_b1,1000,0.999,86570.032,90405.983,0.0,0.0,0.0,0.0,0.0,0.0,0.0,0.0,0.0,0.0,0.0,0.0,0.0,0.0,1.0,all
inf-retriever-v1,score_anti_rrf_no_target_call_a0.25_b0.3,1000,0.997,4350.823,88865.793,0.595,0.0,0.595,0.618,0.0,0.618,0.631,0.0,0.631,0.649,0.0,0.649,0.6232500000000001,0.25,0.3,all
inf-retriever-v1,score_anti_rrf_no_target_call_a0.25_b0.5,1000,1.0,37981.491,90402.51,0.124,0.0,0.124,0.132,0.0,0.132,0.141,0.0,0.141,0.149,0.0,0.149,0.1365,0.25,0.5,all
inf-retriever-v1,score_anti_rrf_no_target_call_a0.25_b0.75,1000,0.999,62493.403,90405.773,0.012,0.0,0.012,0.014,0.0,0.014,0.017,0.0,0.017,0.018,0.0,0.018,0.01525,0.25,0.75,all
inf-retriever-v1,score_anti_rrf_no_target_call_a0.25_b1,1000,0.999,71725.091,90405.915,0.001,0.0,0.001,0.003,0.0,0.003,0.003,0.0,0.003,0.004,0.0,0.004,0.00275,0.25,1.0,all
inf-retriever-v1,score_anti_rrf_no_target_call_a0.5_b0.3,1000,0.959,75.482,18292.285,0.941,0.112,0.829,0.946,0.143,0.8029999999999999,0.952,0.161,0.7909999999999999,0.955,0.176,0.7789999999999999,0.8005,0.5,0.3,all
inf-retriever-v1,score_anti_rrf_no_target_call_a0.5_b0.5,1000,0.994,1005.637,74566.264,0.773,0.0,0.773,0.801,0.0,0.801,0.82,0.0,0.82,0.828,0.0,0.828,0.8055,0.5,0.5,all
inf-retriever-v1,score_anti_rrf_no_target_call_a0.5_b0.75,1000,0.999,15267.039,90305.936,0.335,0.0,0.335,0.351,0.0,0.351,0.362,0.0,0.362,0.369,0.0,0.369,0.35425,0.5,0.75,all
inf-retriever-v1,score_anti_rrf_no_target_call_a0.5_b1,1000,1.0,37981.491,90402.51,0.124,0.0,0.124,0.132,0.0,0.132,0.141,0.0,0.141,0.149,0.0,0.149,0.1365,0.5,1.0,all
inf-retriever-v1,score_anti_rrf_no_target_call_a0.75_b0.3,1000,0.898,35.362,4118.079,0.951,0.331,0.6199999999999999,0.957,0.391,0.566,0.961,0.43,0.5309999999999999,0.964,0.453,0.5109999999999999,0.5569999999999999,0.75,0.3,all
inf-retriever-v1,score_anti_rrf_no_target_call_a0.75_b0.5,1000,0.967,101.148,26668.427,0.935,0.064,0.871,0.941,0.087,0.854,0.948,0.099,0.849,0.951,0.11,0.841,0.85375,0.75,0.5,all
inf-retriever-v1,score_anti_rrf_no_target_call_a0.75_b0.75,1000,0.994,1005.636,74566.264,0.773,0.0,0.773,0.801,0.0,0.801,0.82,0.0,0.82,0.828,0.0,0.828,0.8055,0.75,0.75,all
inf-retriever-v1,score_anti_rrf_no_target_call_a0.75_b1,1000,0.998,8555.93,89993.863,0.472,0.0,0.472,0.495,0.0,0.495,0.509,0.0,0.509,0.526,0.0,0.526,0.5005,0.75,1.0,all
inf-retriever-v1,score_anti_rrf_no_target_call_a1_b0.3,1000,0.864,26.144,1506.039,0.954,0.456,0.49799999999999994,0.956,0.527,0.42899999999999994,0.961,0.559,0.4019999999999999,0.965,0.581,0.384,0.4282499999999999,1.0,0.3,all
inf-retriever-v1,score_anti_rrf_no_target_call_a1_b0.5,1000,0.934,50.416,9381.46,0.946,0.207,0.739,0.953,0.255,0.698,0.959,0.276,0.6829999999999999,0.962,0.299,0.663,0.6957499999999999,1.0,0.5,all
inf-retriever-v1,score_anti_rrf_no_target_call_a1_b0.75,1000,0.98,151.376,38699.156,0.912,0.02,0.892,0.926,0.027,0.899,0.932,0.035,0.897,0.939,0.039,0.8999999999999999,0.8969999999999999,1.0,0.75,all
inf-retriever-v1,score_anti_rrf_no_target_call_a1_b1,1000,0.994,1005.637,74566.264,0.773,0.0,0.773,0.801,0.0,0.801,0.82,0.0,0.82,0.828,0.0,0.828,0.8055,1.0,1.0,all
